district_name,motorway,motorway_link,trunk,trunk_link,total_length_km
两江新区,481.04909304551256,209.57158997159075,682.2718867932305,199.41172215578143,1572.3042919661154
万州区,394.1704469700924,72.94597200000675,769.5045579326928,6.913545440273482,1243.5345223430654
江津区,543.868278678214,132.91670263073993,513.3945993948496,8.264234055692727,1198.443814759496
武隆区,383.8520943295827,58.397819227260726,562.9080779971474,8.12459667408426,1013.2825882280752
巫溪县,230.4603781039756,21.413642890864004,721.8517602476819,0.7217012855648898,974.4474825280864
綦江区,434.2413666769302,83.07754729355513,413.2006433465958,4.667154818241456,935.1867121353226
涪陵区,295.2125790886261,141.60021342097232,481.8364552314689,5.441076266894133,924.0903240079615
开州区,297.4790386157745,42.751356131227816,565.1462028928139,7.35739458995185,912.7339922297681
奉节县,156.85883802805677,31.55156677188695,692.0804394280561,0.9067797009408339,881.3976239289407
巴南区,452.65776212817116,154.3640914269233,265.16729004577763,6.191736393756891,878.3808799946289
云阳县,290.736283630048,40.918914768719254,533.0233719544069,0.07916462217522557,864.7577349753493
南川区,398.3041199667118,79.72794393634481,352.1521740924601,1.3228384327097016,831.5070764282264
彭水苗族土家族自治县,307.91139479373936,23.415796039875136,470.3993095848349,0.15285240517464177,801.879352823624
石柱土家族自治县,277.92344626251054,35.390935568795356,454.5782092815862,0.49901599584046585,768.3916071087326
合川区,401.8476942498379,91.76847758802761,262.096288430135,0.5185032166153265,756.2309634846158
丰都县,159.32254574878215,19.99968423213292,556.81759362029,0.0,736.1398236012051
长寿区,210.38214059954302,52.87551428250959,429.80419767169235,3.8213530003888616,696.8832055541338
潼南区,346.676879448744,63.88487019704732,249.2278066289207,1.1573700384241468,660.9469263131361
梁平区,325.2642242773248,47.48455908669252,273.7113636056945,2.8534569188625207,649.3136038885743
璧山区,318.50862304295094,102.42764893928825,209.03068007334423,5.035496534043422,635.0024485896269
北碚区,232.74151340387863,51.08605207973448,312.35943462824326,11.502502671137965,607.6895027829944
酉阳土家族苗族自治县,294.2816787888428,35.44158688191164,254.5264638707511,19.556634587129956,603.8063641286354
永川区,313.6419046386022,78.90376923711048,202.53346511336002,7.202137014651936,602.2812760037248
秀山土家族苗族自治县,130.14039344773894,51.552392717146844,314.6588428468771,1.9085529564544284,498.2601819682173
巫山县,91.84374318142453,25.352975273638506,373.3660643660952,0.0,490.56278282115824
铜梁区,299.32555365853983,71.14731419734466,108.39088500263024,0.9261252773814367,479.7898781358962
九龙坡区,141.4356329812643,71.4580630091447,203.45142278016885,53.93812231615837,470.2832410867362
沙坪坝区,132.53335019336353,83.68078301445308,195.98438697547564,36.11392496196712,448.3124451452594
黔江区,237.1458019838477,33.03486873312172,173.6463492424144,0.9957957644079467,444.8228157237918
忠县,172.19385311552105,36.26425968603958,217.056951816558,5.104362609892591,430.6194272280112
大足区,229.05664914335267,60.044645780727244,130.3987278653398,9.542135085195188,429.04215787461493
垫江县,172.72072445264297,16.32788148463212,194.5826320049963,0.33262998323400383,383.9638679255054
城口县,104.65476735767736,16.992832420164667,237.7313847542836,0.13977742291297424,359.5187619550386
南岸区,71.48916755825545,39.19164208571022,127.24188654109807,65.54409147803,303.4667876630937
荣昌区,176.00288692356386,23.99994735369021,74.67330260365404,0.7456505461281674,275.42178742703624
大渡口区,8.170258435512123,10.781315742880828,49.53442827955806,11.24781440483361,79.73381686278461
未匹配,44.98271303029264,0.0,0.0,0.0,44.98271303029264
渝中区,0.0,0.0,10.138159271759696,7.366930670243739,17.505089942003433
